date;nav
20/06/2016;8432551.94
21/06/2016;8441706.23
22/06/2016;8445706.94
23/06/2016;8447571.93
24/06/2016;8403599.25
27/06/2016;8401926.42
28/06/2016;8412102.37
29/06/2016;8442515.58
30/06/2016;8456387.53
01/07/2016;8482498.56
04/07/2016;8503942.88
05/07/2016;8517244.53
06/07/2016;8547437.82
07/07/2016;8511379.95
08/07/2016;8568485.64
11/07/2016;8543179.35
12/07/2016;8551408.72
13/07/2016;8582965.29
15/07/2016;8580354.22
18/07/2016;8596193.74
19/07/2016;8605146.49
20/07/2016;8609286.8
21/07/2016;8622277.57
22/07/2016;8630359.33
25/07/2016;8642125.68
26/07/2016;8637378.45
27/07/2016;8650755.04
28/07/2016;8650018.66
29/07/2016;8659103.05
01/08/2016;8659041.15
02/08/2016;8637270.01
03/08/2016;8635223.21
04/08/2016;8663233.5
05/08/2016;8667382.19
08/08/2016;8676976.96
09/08/2016;8687952.05
10/08/2016;8703132.29
11/08/2016;8700199.8
12/08/2016;8705980.96
16/08/2016;8690767.7
17/08/2016;8694353.89
18/08/2016;8704419.51
19/08/2016;8691827.31
22/08/2016;8707989.76
23/08/2016;8711864.42
24/08/2016;8741616.38
25/08/2016;8711011.26
26/08/2016;8715312.3
29/08/2016;8717645.47
30/08/2016;8725054.51
31/08/2016;8720080.77
01/09/2016;8721036.64
02/09/2016;8715788.12
05/09/2016;8721219.12
06/09/2016;8741679.38
07/09/2016;8747463.03
08/09/2016;8731755.98
09/09/2016;8704469.37
12/09/2016;8674363.12
13/09/2016;8666027.08
14/09/2016;8673761.52
15/09/2016;8665966.95
16/09/2016;8667455.25
19/09/2016;8664017.59
20/09/2016;8669060.22
21/09/2016;8661818.47
22/09/2016;8701049.33
23/09/2016;8700210.45
26/09/2016;8706796.85
27/09/2016;8704224.21
28/09/2016;8708264.32
29/09/2016;8699728.84
30/09/2016;8694034.92
03/10/2016;8688979.74
04/10/2016;8683682.25
05/10/2016;8669825.53
06/10/2016;8676692.9
07/10/2016;8665646.55
10/10/2016;8659739.37
11/10/2016;8665893.88
12/10/2016;8655899.16
13/10/2016;8658243.39
14/10/2016;8658167.33
17/10/2016;8661615.09
18/10/2016;8672774.47
19/10/2016;8681362.92
20/10/2016;8693976.23
21/10/2016;8695446.34
24/10/2016;8695735.08
25/10/2016;8694141.04
26/10/2016;8679595.82
27/10/2016;8657125.0
28/10/2016;8652076.18
31/10/2016;8653408.88
02/11/2016;8653467.14
03/11/2016;8645920.53
04/11/2016;8646859.56
07/11/2016;8645057.57
08/11/2016;8635089.69
09/11/2016;8620669.32
10/11/2016;8606076.16
14/11/2016;8556504.27
15/11/2016;8558365.5
16/11/2016;8545038.76
17/11/2016;8535076.51
18/11/2016;8520063.51
21/11/2016;8512981.69
22/11/2016;8543903.83
23/11/2016;8529958.41
24/11/2016;8534432.32
25/11/2016;8536586.51
28/11/2016;8539114.78
29/11/2016;8533256.55
30/11/2016;8522201.48
01/12/2016;8499404.9
02/12/2016;8516533.49
05/12/2016;8499404.96
06/12/2016;8494880.56
07/12/2016;8508933.52
08/12/2016;8519208.33
09/12/2016;8531461.11
12/12/2016;8526231.88
13/12/2016;8543330.1
14/12/2016;8563922.6
15/12/2016;8551945.21
16/12/2016;8566036.21
19/12/2016;8585641.08
20/12/2016;8577728.02
21/12/2016;8583952.77
22/12/2016;8581629.09
23/12/2016;8594399.77
27/12/2016;8603619.93
28/12/2016;8606501.67
29/12/2016;8606391.41
30/12/2016;8601673.81
02/01/2017;8607580.54
03/01/2017;8598619.85
04/01/2017;8601385.81
05/01/2017;8604142.73
06/01/2017;8588837.67
09/01/2017;8595581.0
10/01/2017;8589407.55
11/01/2017;8595152.83
12/01/2017;8592366.07
13/01/2017;8591503.24
16/01/2017;8599185.75
17/01/2017;8593396.77
18/01/2017;8584298.7
19/01/2017;8582677.0
20/01/2017;8575041.59
23/01/2017;8593374.68
24/01/2017;8583596.87
25/01/2017;8576436.55
26/01/2017;8572358.67
27/01/2017;8573626.39
30/01/2017;8572486.42
31/01/2017;8573832.08
01/02/2017;8568375.14
02/02/2017;8579192.55
03/02/2017;8588552.24
06/02/2017;8602706.59
07/02/2017;8603018.67
08/02/2017;8607617.95
09/02/2017;8606405.43
10/02/2017;8610615.4
13/02/2017;8611301.63
14/02/2017;8610992.68
15/02/2017;8616960.51
16/02/2017;8621139.1
17/02/2017;8630916.69
20/02/2017;8639138.19
21/02/2017;8639569.24
22/02/2017;8645387.05
23/02/2017;8661380.44
24/02/2017;8674791.8
27/02/2017;8674958.08
28/02/2017;8669697.26
01/03/2017;8654079.48
02/03/2017;8652197.24
03/03/2017;8639695.14
06/03/2017;8646895.43
07/03/2017;8655276.92
08/03/2017;8614362.85
09/03/2017;8598605.28
10/03/2017;8607364.47
13/03/2017;8610141.22
14/03/2017;8611946.12
15/03/2017;8622453.18
16/03/2017;8619133.86
17/03/2017;8623037.08
20/03/2017;8647988.94
21/03/2017;8620753.61
22/03/2017;8607683.9
23/03/2017;8631349.92
24/03/2017;8638366.39
27/03/2017;8652798.69
28/03/2017;8645529.83
29/03/2017;8647547.18
30/03/2017;8669604.76
31/03/2017;8672511.16
03/04/2017;8692515.35
04/04/2017;8693378.42
05/04/2017;8696526.42
06/04/2017;8692932.45
07/04/2017;8705968.38
10/04/2017;8717132.81
11/04/2017;8713079.59
12/04/2017;8713249.24
13/04/2017;8716342.82
18/04/2017;8723495.52
19/04/2017;8706574.79
20/04/2017;8701701.23
21/04/2017;8703311.85
24/04/2017;8707546.58
25/04/2017;8707823.19
26/04/2017;8728698.73
27/04/2017;8750053.63
28/04/2017;8753003.33
02/05/2017;8761258.18
03/05/2017;8771266.33
04/05/2017;8767087.94
05/05/2017;8762822.5
09/05/2017;8781862.95
10/05/2017;8786047.46
11/05/2017;8786156.21
12/05/2017;8790196.02
15/05/2017;8781609.91
16/05/2017;8774011.24
17/05/2017;8778998.55
18/05/2017;8765933.7
19/05/2017;8766891.5
22/05/2017;8765267.42
23/05/2017;8763722.76
24/05/2017;8767400.14
26/05/2017;8791377.17
29/05/2017;8806824.43
30/05/2017;8804883.95
31/05/2017;8804138.04
01/06/2017;8803277.05
02/06/2017;8815004.4
06/06/2017;8822260.3
07/06/2017;8816543.0
08/06/2017;8819095.38
09/06/2017;8816247.88
12/06/2017;8822035.51
13/06/2017;8821680.79
14/06/2017;8841629.35
15/06/2017;8823938.23
16/06/2017;8833097.88
19/06/2017;8839481.62
20/06/2017;8852202.46
21/06/2017;8848781.64
22/06/2017;8856671.54
23/06/2017;8863886.03
26/06/2017;8872517.54
27/06/2017;8834923.05
28/06/2017;8836839.41
29/06/2017;8812237.87
30/06/2017;8807687.01
03/07/2017;8810913.61
04/07/2017;8818781.09
05/07/2017;8827478.75
06/07/2017;8802023.8
07/07/2017;8796443.14
10/07/2017;8804768.61
11/07/2017;8801776.51
12/07/2017;8821524.54
13/07/2017;8823066.17
17/07/2017;8839767.06
18/07/2017;8850294.55
19/07/2017;8863549.47
20/07/2017;8874524.13
21/07/2017;8886397.94
24/07/2017;8889152.87
25/07/2017;8876818.42
26/07/2017;8881924.44
27/07/2017;8897902.23
28/07/2017;8895823.37
31/07/2017;8899213.42
01/08/2017;8924435.33
02/08/2017;8937740.96
03/08/2017;8947239.6
04/08/2017;8946058.54
07/08/2017;8949512.29
08/08/2017;8936591.41
09/08/2017;8934460.22
10/08/2017;8931404.29
11/08/2017;8924166.37
14/08/2017;8930130.44
16/08/2017;8930632.79
17/08/2017;8934156.41
18/08/2017;8945740.04
21/08/2017;8929060.84
22/08/2017;8927575.95
23/08/2017;8927636.7
24/08/2017;8929907.67
25/08/2017;8930585.18
28/08/2017;8936234.71
29/08/2017;8937615.79
30/08/2017;8934452.78
31/08/2017;8935567.35
01/09/2017;8932355.89
04/09/2017;8935251.24
05/09/2017;8944062.09
06/09/2017;8933673.65
07/09/2017;8948444.77
08/09/2017;8943733.96
11/09/2017;8946434.25
12/09/2017;8935828.73
13/09/2017;8936949.78
14/09/2017;8935314.1
15/09/2017;8931186.58
18/09/2017;8934186.52
19/09/2017;8939963.51
20/09/2017;8955154.13
21/09/2017;8950433.68
22/09/2017;8949666.93
25/09/2017;8955862.52
26/09/2017;8952005.94
27/09/2017;8937863.49
28/09/2017;8934217.23
29/09/2017;8941129.07
02/10/2017;8948740.36
03/10/2017;8951419.21
04/10/2017;8951213.93
05/10/2017;8951488.26
06/10/2017;8952424.27
09/10/2017;8960021.01
10/10/2017;8964638.75
11/10/2017;8963819.8
12/10/2017;8976460.4
13/10/2017;8994112.98
16/10/2017;9011960.26
17/10/2017;9018607.63
18/10/2017;9015925.99
19/10/2017;9017280.11
20/10/2017;9005782.04
23/10/2017;9017882.74
24/10/2017;9007497.94
25/10/2017;9005418.72
26/10/2017;9030325.07
27/10/2017;9052507.84
30/10/2017;9066666.21
31/10/2017;9080778.08
02/11/2017;9092580.42
03/11/2017;9097128.91
06/11/2017;9108765.81
07/11/2017;9112085.18
08/11/2017;9104265.76
09/11/2017;9081941.82
10/11/2017;9061767.84
13/11/2017;9053887.45
14/11/2017;9047775.96
15/11/2017;9035895.46
16/11/2017;9045366.08
17/11/2017;9053366.01
20/11/2017;9053093.88
21/11/2017;9061428.99
22/11/2017;9062538.73
23/11/2017;9063751.37
24/11/2017;9063810.06
27/11/2017;9073889.55
28/11/2017;9076194.26
29/11/2017;9065589.53
30/11/2017;9071388.75
01/12/2017;9086257.47
04/12/2017;9081231.06
05/12/2017;9091769.61
06/12/2017;9097013.0
07/12/2017;9099950.1
08/12/2017;9094942.43
11/12/2017;9098721.34
12/12/2017;9094061.4
13/12/2017;9094248.32
14/12/2017;9092701.47
15/12/2017;9093736.7
18/12/2017;9092543.04
19/12/2017;9074908.2
20/12/2017;9067572.08
21/12/2017;9063816.72
22/12/2017;9062972.05
27/12/2017;9073073.19
28/12/2017;9062809.73
29/12/2017;9064472.6
02/01/2018;9060345.01
03/01/2018;9075292.0
04/01/2018;9087847.8
05/01/2018;9098049.11
08/01/2018;9104271.29
09/01/2018;9096758.6
10/01/2018;9089318.96
11/01/2018;9072304.13
12/01/2018;9073072.84
15/01/2018;9075014.32
16/01/2018;9084854.9
17/01/2018;9085967.45
18/01/2018;9087811.29
19/01/2018;9094977.98
22/01/2018;9105654.85
23/01/2018;9112803.04
24/01/2018;9109612.83
25/01/2018;9099268.26
26/01/2018;9093997.45
29/01/2018;9078093.32
30/01/2018;9071527.65
31/01/2018;9069181.2
01/02/2018;9065230.67
02/02/2018;9049812.23
05/02/2018;9046788.88
06/02/2018;9038563.19
07/02/2018;9036154.47
08/02/2018;9023025.45
09/02/2018;9006498.08
12/02/2018;9001889.22
13/02/2018;8980440.38
14/02/2018;8981204.08
15/02/2018;8998872.11
16/02/2018;9023152.88
19/02/2018;9024118.17
20/02/2018;9017628.77
21/02/2018;9013817.12
22/02/2018;9008970.2
23/02/2018;9012957.93
26/02/2018;9017604.06
27/02/2018;9015051.2
28/02/2018;9019713.1
01/03/2018;9015919.44
02/03/2018;9006027.81
05/03/2018;9002361.01
06/03/2018;9001353.15
07/03/2018;9006400.91
08/03/2018;9021518.34
09/03/2018;9021717.43
12/03/2018;9030095.8
13/03/2018;9028704.79
14/03/2018;9022973.85
15/03/2018;9008733.6
16/03/2018;9009915.82
19/03/2018;8996791.88
20/03/2018;8986774.31
21/03/2018;8985002.6
22/03/2018;8993776.69
23/03/2018;8980489.05
26/03/2018;8978358.08
27/03/2018;8990287.23
28/03/2018;8985554.91
29/03/2018;8990034.35
03/04/2018;8990428.94
04/04/2018;8991728.26
05/04/2018;8990468.98
06/04/2018;9001211.92
09/04/2018;9002294.85
10/04/2018;9003217.43
11/04/2018;9010058.69
12/04/2018;9010342.96
13/04/2018;9018877.47
16/04/2018;9021362.06
17/04/2018;9030626.71
18/04/2018;9019368.1
19/04/2018;8993472.36
20/04/2018;8995225.14
23/04/2018;8982948.54
24/04/2018;8983926.63
25/04/2018;8976669.57
26/04/2018;8987889.84
27/04/2018;8995883.75
30/04/2018;9000396.67
02/05/2018;8991827.88
03/05/2018;8995431.5
04/05/2018;8987532.92
07/05/2018;8992199.21
09/05/2018;8980271.64
11/05/2018;8990537.25
14/05/2018;8978326.48
15/05/2018;8961725.12
16/05/2018;8960972.65
17/05/2018;8947484.96
18/05/2018;8953555.62
22/05/2018;8942703.57
23/05/2018;8938480.51
24/05/2018;8945655.75
25/05/2018;8949796.48
28/05/2018;8972337.41
29/05/2018;8963613.92
30/05/2018;8915857.86
31/05/2018;8929990.32
01/06/2018;8925964.78
04/06/2018;8925040.41
05/06/2018;8942718.72
06/06/2018;8904009.52
07/06/2018;8896938.92
08/06/2018;8904851.24
11/06/2018;8886725.13
12/06/2018;8888546.71
13/06/2018;8896348.12
14/06/2018;8923074.49
15/06/2018;8934624.66
18/06/2018;8932488.81
19/06/2018;8930859.6
20/06/2018;8932216.07
21/06/2018;8947716.72
22/06/2018;8944025.85
25/06/2018;8933548.24
26/06/2018;8917221.57
27/06/2018;8908799.73
28/06/2018;8899887.99
29/06/2018;8902550.65
02/07/2018;8901208.37
03/07/2018;8903580.43
04/07/2018;8899417.34
05/07/2018;8907822.05
06/07/2018;8918808.6
09/07/2018;8923643.08
10/07/2018;8927912.7
11/07/2018;8928964.89
12/07/2018;8937241.86
13/07/2018;8946624.22
16/07/2018;8941235.45
17/07/2018;8945907.92
18/07/2018;8948335.41
19/07/2018;8947889.58
20/07/2018;8931277.22
23/07/2018;8920204.29
24/07/2018;8930168.26
25/07/2018;8935373.6
26/07/2018;8942044.26
27/07/2018;8945581.58
30/07/2018;8933764.91
31/07/2018;8936083.29
01/08/2018;8926469.08
02/08/2018;8930173.71
03/08/2018;8946451.05
06/08/2018;8954079.58
07/08/2018;8950089.45
08/08/2018;8954198.27
09/08/2018;8961348.41
10/08/2018;8974793.74
13/08/2018;8969120.33
14/08/2018;8966734.34
16/08/2018;8963199.99
17/08/2018;8968958.04
20/08/2018;8969575.26
21/08/2018;8961536.11
22/08/2018;8956581.75
23/08/2018;8955911.55
24/08/2018;8952386.25
27/08/2018;8942818.63
28/08/2018;8939528.12
29/08/2018;8930082.92
30/08/2018;8945217.51
31/08/2018;8946126.67
03/09/2018;8939856.25
04/09/2018;8929208.35
05/09/2018;8914763.58
06/09/2018;8924272.65
07/09/2018;8916898.9
10/09/2018;8914612.81
11/09/2018;8911026.91
12/09/2018;8919852.09
13/09/2018;8921904.94
14/09/2018;8919107.92
17/09/2018;8918617.01
18/09/2018;8915032.57
19/09/2018;8915392.88
20/09/2018;8920211.03
21/09/2018;8925873.74
24/09/2018;8908043.15
25/09/2018;8895793.16
26/09/2018;8899162.79
27/09/2018;8897268.42
28/09/2018;8913410.53
01/10/2018;8916779.65
02/10/2018;8930678.23
03/10/2018;8915258.94
04/10/2018;8895923.43
05/10/2018;8881992.04
08/10/2018;8891652.73
09/10/2018;8885162.08
10/10/2018;8882983.23
11/10/2018;8883780.87
12/10/2018;8891320.96
15/10/2018;8891578.78
16/10/2018;8890998.3
17/10/2018;8903848.12
18/10/2018;8915888.82
19/10/2018;8895514.43
22/10/2018;8901071.71
23/10/2018;8906885.04
24/10/2018;8908482.64
25/10/2018;8898706.45
26/10/2018;8902991.1
29/10/2018;8892344.29
30/10/2018;8893262.29
31/10/2018;8891216.09
02/11/2018;8887823.55
05/11/2018;8889679.6
06/11/2018;8888434.25
07/11/2018;8886774.76
08/11/2018;8886299.17
09/11/2018;8897205.66
12/11/2018;8899635.02
13/11/2018;8885606.55
14/11/2018;8879879.22
15/11/2018;8872802.26
16/11/2018;8856840.91
19/11/2018;8838324.73
20/11/2018;8815643.25
21/11/2018;8816330.26
22/11/2018;8823021.96
23/11/2018;8835536.54
26/11/2018;8835131.4
27/11/2018;8836001.61
28/11/2018;8827810.45
29/11/2018;8830636.57
30/11/2018;8823268.26
03/12/2018;8826674.26
04/12/2018;8830629.93
05/12/2018;8814112.29
06/12/2018;8818201.45
07/12/2018;8812601.01
10/12/2018;8812004.03
11/12/2018;8817349.54
12/12/2018;8813549.04
13/12/2018;8829000.88
14/12/2018;8842448.42
17/12/2018;8843685.12
18/12/2018;8844321.98
19/12/2018;8846964.58
20/12/2018;8847217.8
21/12/2018;8841537.97
24/12/2018;8843851.82
27/12/2018;8852032.42
28/12/2018;8849055.39
31/12/2018;8850204.92
02/01/2019;8865887.74
03/01/2019;8858393.12
04/01/2019;8832586.56
07/01/2019;8823903.93
08/01/2019;8822255.25
09/01/2019;8840676.79
10/01/2019;8851082.62
11/01/2019;8864741.01
14/01/2019;8868774.94
15/01/2019;8883911.93
16/01/2019;8893132.7
17/01/2019;8891411.82
18/01/2019;8899131.4
21/01/2019;8908508.56
22/01/2019;8912123.86
23/01/2019;8914086.49
24/01/2019;8933948.79
25/01/2019;8938136.78
28/01/2019;8936391.93
29/01/2019;8938324.14
30/01/2019;8945365.19
31/01/2019;8977323.95
01/02/2019;8978929.34
04/02/2019;8979080.36
05/02/2019;8995951.78
06/02/2019;9028171.45
07/02/2019;9020547.01
08/02/2019;9019557.88
11/02/2019;9009846.01
12/02/2019;9031459.84
13/02/2019;9022486.6
14/02/2019;9031047.3
15/02/2019;9032354.98
18/02/2019;9038757.44
19/02/2019;9045479.27
20/02/2019;9045199.07
21/02/2019;9035148.21
22/02/2019;9042606.45
25/02/2019;9047778.36
26/02/2019;9053463.92
27/02/2019;9053233.22
28/02/2019;9051294.26
01/03/2019;9053965.57
04/03/2019;9063318.59
05/03/2019;9058998.38
06/03/2019;9060778.46
07/03/2019;9075748.66
08/03/2019;9061750.35
11/03/2019;9070814.08
12/03/2019;9085435.4
13/03/2019;9097457.69
14/03/2019;9106244.37
15/03/2019;9113471.91
18/03/2019;9127324.06
19/03/2019;9124049.54
20/03/2019;9122236.73
21/03/2019;9130001.22
22/03/2019;9137615.23
25/03/2019;9143234.36
26/03/2019;9132838.88
27/03/2019;9162146.68
28/03/2019;9158333.03
29/03/2019;9167542.47
01/04/2019;9171609.15
02/04/2019;9186106.0
03/04/2019;9177698.03
04/04/2019;9179561.67
05/04/2019;9181197.51
08/04/2019;9183869.8
09/04/2019;9187506.12
10/04/2019;9203652.84
11/04/2019;9206621.22
12/04/2019;9195792.01
15/04/2019;9207667.63
16/04/2019;9212560.6
17/04/2019;9207491.28
18/04/2019;9226260.62
23/04/2019;9226641.74
24/04/2019;9248453.23
25/04/2019;9246507.12
26/04/2019;9248411.43
29/04/2019;9252278.41
30/04/2019;9254480.46
02/05/2019;9262773.11
03/05/2019;9262250.69
06/05/2019;9265041.55
07/05/2019;9263296.09
09/05/2019;9227696.38
10/05/2019;9231368.64
13/05/2019;9223350.28
14/05/2019;9225286.89
15/05/2019;9231665.13
16/05/2019;9240951.94
17/05/2019;9244926.79
20/05/2019;9240437.94
21/05/2019;9230706.54
22/05/2019;9228176.91
23/05/2019;9213031.02
24/05/2019;9216519.9
27/05/2019;9226497.55
28/05/2019;9227039.68
29/05/2019;9223830.41
31/05/2019;9232052.2
03/06/2019;9229312.32
04/06/2019;9242733.85
05/06/2019;9269677.96
06/06/2019;9279713.8
07/06/2019;9291004.34
11/06/2019;9307787.48
12/06/2019;9305625.94
13/06/2019;9307419.35
14/06/2019;9312327.15
17/06/2019;9309855.28
18/06/2019;9363357.92
19/06/2019;9369125.38
20/06/2019;9401597.09
21/06/2019;9389069.24
24/06/2019;9402868.23
25/06/2019;9407707.12
26/06/2019;9394684.27
27/06/2019;9400675.5
28/06/2019;9411166.64
01/07/2019;9437387.18
02/07/2019;9443426.02
03/07/2019;9481784.68
04/07/2019;9476674.77
05/07/2019;9466935.8
08/07/2019;9464162.86
09/07/2019;9446424.19
10/07/2019;9436654.97
11/07/2019;9433174.22
12/07/2019;9435633.29
15/07/2019;9453882.87
16/07/2019;9457517.03
17/07/2019;9466426.12
18/07/2019;9463858.91
19/07/2019;9472033.82
22/07/2019;9483435.94
23/07/2019;9498276.92
24/07/2019;9522995.32
25/07/2019;9535194.14
26/07/2019;9540960.51
29/07/2019;9547462.99
30/07/2019;9532801.75
31/07/2019;9544447.65
01/08/2019;9542382.14
02/08/2019;9531196.28
05/08/2019;9514559.17
06/08/2019;9527247.68
07/08/2019;9549565.22
08/08/2019;9548570.53
09/08/2019;9555395.12
12/08/2019;9561333.64
13/08/2019;9560167.98
14/08/2019;9568088.53
16/08/2019;9566395.87
19/08/2019;9569316.25
20/08/2019;9587324.4
21/08/2019;9589844.84
22/08/2019;9584594.75
23/08/2019;9601197.74
26/08/2019;9600917.15
27/08/2019;9605300.65
28/08/2019;9609663.73
29/08/2019;9607322.24
30/08/2019;9610268.85
02/09/2019;9604612.79
03/09/2019;9599977.43
04/09/2019;9585541.79
05/09/2019;9565110.11
06/09/2019;9576715.46
09/09/2019;9555161.28
10/09/2019;9539066.42
11/09/2019;9533681.45
12/09/2019;9552765.04
13/09/2019;9532954.56
16/09/2019;9543124.24
17/09/2019;9526792.22
18/09/2019;9525576.03
19/09/2019;9518369.86
20/09/2019;9528763.83
23/09/2019;9546784.47
24/09/2019;9548115.58
25/09/2019;9533644.14
26/09/2019;9534484.14
27/09/2019;9549096.04
30/09/2019;9545251.33
01/10/2019;9552953.02
02/10/2019;9537273.09
03/10/2019;9546397.93
04/10/2019;9547856.49
07/10/2019;9539982.54
08/10/2019;9542482.78
09/10/2019;9529932.06
10/10/2019;9507008.73
11/10/2019;9509099.77
14/10/2019;9513924.13
15/10/2019;9505792.22
16/10/2019;9503913.79
17/10/2019;9509621.01
18/10/2019;9505876.59
21/10/2019;9498643.26
22/10/2019;9513801.52
23/10/2019;9520846.0
24/10/2019;9531681.28
25/10/2019;9527212.63
28/10/2019;9518668.79
29/10/2019;9520469.19
30/10/2019;9516450.66
31/10/2019;9531472.29
04/11/2019;9535749.92
05/11/2019;9537182.61
06/11/2019;9537708.21
07/11/2019;9513675.22
08/11/2019;9510004.44
12/11/2019;9501276.74
13/11/2019;9511123.47
14/11/2019;9517900.35
15/11/2019;9509704.8
18/11/2019;9508055.32
19/11/2019;9503966.43
20/11/2019;9494210.51
21/11/2019;9482155.82
22/11/2019;9495660.82
25/11/2019;9503284.3
26/11/2019;9521669.95
27/11/2019;9524330.25
28/11/2019;9522857.74
29/11/2019;9520698.33
02/12/2019;9501457.57
03/12/2019;9521112.71
04/12/2019;9517349.79
05/12/2019;9515311.67
06/12/2019;9522276.34
09/12/2019;9537766.3
10/12/2019;9540171.6
11/12/2019;9548437.71
12/12/2019;9534203.55
13/12/2019;9558168.21
16/12/2019;9562275.54
17/12/2019;9569518.0
18/12/2019;9559668.74
19/12/2019;9554732.58
20/12/2019;9561079.91
23/12/2019;9562084.44
24/12/2019;9561863.77
27/12/2019;9564201.87
30/12/2019;9541580.95
31/12/2019;9543994.41
02/01/2020;9561443.34
03/01/2020;9578458.62
06/01/2020;9578208.95
07/01/2020;9573128.91
08/01/2020;9560675.88
09/01/2020;9549555.75
10/01/2020;9556624.71
13/01/2020;9545206.25
14/01/2020;9547984.01
15/01/2020;9556677.18
16/01/2020;9567321.47
17/01/2020;9574117.27
20/01/2020;9583114.51
21/01/2020;9595096.6
22/01/2020;9600671.3
23/01/2020;9616142.32
24/01/2020;9622058.54
27/01/2020;9626600.13
28/01/2020;9613717.71
29/01/2020;9627184.44
30/01/2020;9631858.41
31/01/2020;9643528.02
03/02/2020;9638376.41
04/02/2020;9638195.68
05/02/2020;9634443.04
06/02/2020;9638572.38
07/02/2020;9646232.75
10/02/2020;9653126.86
11/02/2020;9651853.13
12/02/2020;9652457.79
13/02/2020;9654060.44
14/02/2020;9662974.39
17/02/2020;9663900.46
18/02/2020;9664050.54
19/02/2020;9669854.8
20/02/2020;9677409.32
21/02/2020;9674689.54
24/02/2020;9660316.77
25/02/2020;9658026.14
26/02/2020;9642830.72
27/02/2020;9627411.62
28/02/2020;9577521.99
02/03/2020;9574343.35
03/03/2020;9609494.7
04/03/2020;9627002.69
05/03/2020;9621533.77
06/03/2020;9552463.4
09/03/2020;9378613.21
10/03/2020;9387367.42
11/03/2020;9443170.42
12/03/2020;9215207.3
13/03/2020;9120335.89
16/03/2020;8927243.57
17/03/2020;8799234.53
18/03/2020;8359881.51
19/03/2020;8502200.44
20/03/2020;8553875.27
23/03/2020;8517799.5
24/03/2020;8518389.73
25/03/2020;8566824.53
26/03/2020;8646205.43
27/03/2020;8702494.07
30/03/2020;8705203.51
31/03/2020;8710981.01
01/04/2020;8704299.02
02/04/2020;8821522.47
03/04/2020;8724395.15
06/04/2020;8746064.61
07/04/2020;8777426.78
08/04/2020;8812261.26
09/04/2020;8920188.11
14/04/2020;9030428.21
15/04/2020;9043923.17
16/04/2020;9018683.32
17/04/2020;9025743.88
20/04/2020;9000273.44
21/04/2020;8971606.23
22/04/2020;8959772.95
23/04/2020;9003194.32
24/04/2020;9032566.43
27/04/2020;9062348.22
28/04/2020;9079669.92
29/04/2020;9087824.71
30/04/2020;9123977.61
04/05/2020;9083624.04
05/05/2020;9093510.59
06/05/2020;9065834.65
07/05/2020;9067103.96
11/05/2020;9062287.26
12/05/2020;9053432.47
13/05/2020;9088939.98
14/05/2020;9058373.7
15/05/2020;9012871.69
18/05/2020;9009873.3
19/05/2020;9030148.04
20/05/2020;9059000.42
22/05/2020;9088897.35
25/05/2020;9091400.76
26/05/2020;9155460.17
27/05/2020;9154177.07
28/05/2020;9163607.74
29/05/2020;9167685.23
02/06/2020;9177618.05
03/06/2020;9204284.27
04/06/2020;9283494.14
05/06/2020;9309571.47
08/06/2020;9345783.61
09/06/2020;9311267.76
10/06/2020;9288255.53
11/06/2020;9306744.32
12/06/2020;9278756.0
15/06/2020;9266908.29
16/06/2020;9327316.84
17/06/2020;9316264.08
18/06/2020;9299505.44
19/06/2020;9301107.18
22/06/2020;9295927.08
23/06/2020;9290544.15
24/06/2020;9290988.97
25/06/2020;9286975.12
26/06/2020;9288434.95
29/06/2020;9281764.15
30/06/2020;9286319.12
01/07/2020;9278224.45
02/07/2020;9313057.55
03/07/2020;9317621.65
06/07/2020;9332486.37
07/07/2020;9330362.19
08/07/2020;9329420.45
09/07/2020;9331500.86
10/07/2020;9324339.35
13/07/2020;9311722.49
15/07/2020;9341708.11
16/07/2020;9359635.71
17/07/2020;9363351.84
20/07/2020;9388166.67
21/07/2020;9417615.59
22/07/2020;9432383.17
23/07/2020;9436573.84
24/07/2020;9421299.17
27/07/2020;9436919.6
28/07/2020;9440592.65
29/07/2020;9431546.52
30/07/2020;9433467.73
31/07/2020;9427198.94
03/08/2020;9378915.11
04/08/2020;9399781.67
05/08/2020;9440035.14
06/08/2020;9460971.12
07/08/2020;9460952.16
10/08/2020;9481471.17
11/08/2020;9526411.03
12/08/2020;9487093.63
13/08/2020;9479399.66
14/08/2020;9477953.51
17/08/2020;9485985.1
18/08/2020;9489738.17
19/08/2020;9496980.95
20/08/2020;9504319.96
21/08/2020;9511322.31
24/08/2020;9515977.5
25/08/2020;9497595.74
26/08/2020;9489886.29
27/08/2020;9483139.05
28/08/2020;9488507.01
31/08/2020;9489068.34
01/09/2020;9494304.97
02/09/2020;9523222.92
03/09/2020;9533028.14
04/09/2020;9520066.08
07/09/2020;9515865.26
08/09/2020;9517395.13
09/09/2020;9500357.29
10/09/2020;9491787.91
11/09/2020;9506550.82
14/09/2020;9508476.88
15/09/2020;9514850.01
16/09/2020;9520953.33
17/09/2020;9532242.18
18/09/2020;9531572.58
21/09/2020;9521273.3
22/09/2020;9502227.38
23/09/2020;9503644.88
24/09/2020;9479880.2
25/09/2020;9470470.92
28/09/2020;9479834.59
29/09/2020;9491447.75
30/09/2020;9496839.55
01/10/2020;9515795.44
02/10/2020;9518434.33
05/10/2020;9527381.52
06/10/2020;9540477.95
07/10/2020;9540799.75
08/10/2020;9553335.71
09/10/2020;9556960.32
12/10/2020;9564504.91
13/10/2020;9571404.95
14/10/2020;9574051.62
15/10/2020;9567378.61
16/10/2020;9575787.86
19/10/2020;9583997.73
20/10/2020;9579071.41
21/10/2020;9550985.73
22/10/2020;9571325.07
23/10/2020;9575905.27
26/10/2020;9572763.24
27/10/2020;9584494.95
28/10/2020;9560378.75
29/10/2020;9560514.64
30/10/2020;9551283.06
02/11/2020;9556974.71
03/11/2020;9574820.5
04/11/2020;9594055.96
05/11/2020;9627107.65
06/11/2020;9631938.08
09/11/2020;9649724.54
10/11/2020;9647198.74
12/11/2020;9661052.13
13/11/2020;9663802.31
16/11/2020;9683730.61
17/11/2020;9692814.33
18/11/2020;9696551.41
19/11/2020;9700784.09
20/11/2020;9713050.81
23/11/2020;9717123.5
24/11/2020;9731082.81
25/11/2020;9733842.56
26/11/2020;9738823.49
27/11/2020;9706604.95
30/11/2020;9702993.92
01/12/2020;9725630.89
02/12/2020;9730842.87
03/12/2020;9746077.83
04/12/2020;9752954.97
07/12/2020;9768327.29
08/12/2020;9778540.52
09/12/2020;9778686.39
10/12/2020;9773919.83
11/12/2020;9782516.83
14/12/2020;9776914.43
15/12/2020;9773276.91
16/12/2020;9759496.34
17/12/2020;9768412.04
18/12/2020;9739263.45
21/12/2020;9768602.82
22/12/2020;9769421.74
23/12/2020;9752779.07
24/12/2020;9757783.88
28/12/2020;9760386.14
29/12/2020;9772395.25
30/12/2020;9771694.96
31/12/2020;9772010.02
04/01/2021;9793413.4
05/01/2021;9794091.27
06/01/2021;9795086.13
07/01/2021;9802689.08
08/01/2021;9810943.34
11/01/2021;9799424.56
12/01/2021;9773662.18
13/01/2021;9786900.27
14/01/2021;9796012.63
15/01/2021;9786675.3
18/01/2021;9775875.32
19/01/2021;9780321.56
20/01/2021;9787340.65
21/01/2021;9778562.29
22/01/2021;9780080.39
25/01/2021;9788235.61
26/01/2021;9775146.44
27/01/2021;9765243.09
28/01/2021;9753560.07
29/01/2021;9752233.53
01/02/2021;9762231.93
02/02/2021;9762051.31
03/02/2021;9768125.21
04/02/2021;9763710.05
05/02/2021;9768120.22
08/02/2021;9771104.31
09/02/2021;9771582.69
10/02/2021;9772113.6
11/02/2021;9780460.33
12/02/2021;9771382.94
15/02/2021;9758849.65
16/02/2021;9753234.61
17/02/2021;9755737.84
18/02/2021;9748215.47
19/02/2021;9739752.59
22/02/2021;9749047.57
23/02/2021;9737988.42
24/02/2021;9730214.53
25/02/2021;9699975.4
26/02/2021;9688719.44
01/03/2021;9723402.8
02/03/2021;9729498.87
03/03/2021;9718891.5
04/03/2021;9720588.44
05/03/2021;9708642.55
08/03/2021;9702678.39
09/03/2021;9705507.77
10/03/2021;9709646.03
11/03/2021;9726957.04
12/03/2021;9717780.93
15/03/2021;9730542.17
16/03/2021;9729970.86
17/03/2021;9711806.36
18/03/2021;9703210.11
19/03/2021;9711528.44
22/03/2021;9717155.76
23/03/2021;9726109.82
24/03/2021;9731259.85
25/03/2021;9740913.75
26/03/2021;9734340.78
29/03/2021;9727829.66
30/03/2021;9711433.17
31/03/2021;9727236.69
01/04/2021;9749867.26
06/04/2021;9758025.73
07/04/2021;9760426.17
08/04/2021;9767882.87
09/04/2021;9757407.63
12/04/2021;9758328.95
13/04/2021;9752634.66
14/04/2021;9743721.93
15/04/2021;9754028.2
16/04/2021;9753671.6
19/04/2021;9751462.57
20/04/2021;9749189.38
21/04/2021;9750501.21
22/04/2021;9752572.32
23/04/2021;9750103.96
26/04/2021;9750313.11
27/04/2021;9751739.7
28/04/2021;9746921.81
29/04/2021;9738810.44
30/04/2021;9742543.08
03/05/2021;9744135.39
04/05/2021;9752806.85
05/05/2021;9747210.63
06/05/2021;9739253.58
07/05/2021;9735162.24
10/05/2021;9736297.89
11/05/2021;9718862.35
12/05/2021;9707018.75
14/05/2021;9704831.17
17/05/2021;9703436.71
18/05/2021;9703726.29
19/05/2021;9697509.21
20/05/2021;9690070.98
21/05/2021;9698284.63
25/05/2021;9714277.96
26/05/2021;9728732.75
27/05/2021;9724686.06
28/05/2021;9730180.7
31/05/2021;9732228.97
01/06/2021;9736042.06
02/06/2021;9745553.44
03/06/2021;9744555.1
04/06/2021;9750720.27
07/06/2021;9750919.96
08/06/2021;9759839.63
09/06/2021;9771907.43
10/06/2021;9773150.62
11/06/2021;9786088.76
14/06/2021;9789203.73
15/06/2021;9782705.63
16/06/2021;9785963.96
17/06/2021;9776343.74
18/06/2021;9781012.33
21/06/2021;9766603.64
22/06/2021;9760783.04
23/06/2021;9770478.68
24/06/2021;9776158.08
25/06/2021;9768804.88
28/06/2021;9778912.68
29/06/2021;9775326.02
30/06/2021;9784486.32
01/07/2021;9784784.34
02/07/2021;9793475.43
05/07/2021;9787609.04
06/07/2021;9806495.47
07/07/2021;9818532.22
08/07/2021;9817827.33
09/07/2021;9812530.29
12/07/2021;9818445.25
13/07/2021;9825193.36
15/07/2021;9836690.53
16/07/2021;9845234.81
19/07/2021;9848539.21
20/07/2021;9849456.41
21/07/2021;9850410.88
22/07/2021;9860607.12
23/07/2021;9862714.62
26/07/2021;9865883.07
27/07/2021;9873030.06
28/07/2021;9881575.73
29/07/2021;9885587.75
30/07/2021;9888687.29
02/08/2021;9895293.44
03/08/2021;9902949.08
04/08/2021;9909769.64
05/08/2021;9920310.91
06/08/2021;9906551.06
09/08/2021;9906986.3
10/08/2021;9909261.13
11/08/2021;9904787.03
12/08/2021;9905584.7
13/08/2021;9904772.89
16/08/2021;9903988.21
17/08/2021;9903546.45
18/08/2021;9908467.66
19/08/2021;9905902.44
20/08/2021;9909614.23
23/08/2021;9905613.08
24/08/2021;9906060.85
25/08/2021;9890562.57
26/08/2021;9886439.72
27/08/2021;9884064.38
30/08/2021;9889871.6
31/08/2021;9874663.05
01/09/2021;9870518.62
02/09/2021;9876290.88
03/09/2021;9869220.97
06/09/2021;9872238.49
07/09/2021;9859039.93
08/09/2021;9858376.63
09/09/2021;9870690.43
10/09/2021;9871519.67
13/09/2021;9874267.75
14/09/2021;9881053.01
15/09/2021;9879824.88
16/09/2021;9880236.28
17/09/2021;9872806.39
20/09/2021;9870012.83
21/09/2021;9875063.53
22/09/2021;9877929.22
23/09/2021;9861496.38
24/09/2021;9847313.87
27/09/2021;9841996.36
28/09/2021;9826449.26
29/09/2021;9836727.92
30/09/2021;9828541.52
01/10/2021;9826542.44
04/10/2021;9826411.69
05/10/2021;9813142.08
06/10/2021;9798512.67
07/10/2021;9805814.05
08/10/2021;9797693.47
11/10/2021;9784767.5
12/10/2021;9760860.54
13/10/2021;9772117.92
14/10/2021;9799130.12
15/10/2021;9808806.15
18/10/2021;9793189.84
19/10/2021;9782306.13
20/10/2021;9785525.93
21/10/2021;9773960.3
22/10/2021;9771231.61
25/10/2021;9778744.93
26/10/2021;9782850.04
27/10/2021;9797703.41
28/10/2021;9788206.1
29/10/2021;9754651.31
02/11/2021;9784772.47
03/11/2021;9786185.84
04/11/2021;9816709.05
05/11/2021;9841918.32
08/11/2021;9842475.31
09/11/2021;9850566.79
10/11/2021;9839225.61
12/11/2021;9830085.66
15/11/2021;9818796.9
16/11/2021;9809921.29
17/11/2021;9797598.91
18/11/2021;9811744.79
19/11/2021;9833747.96
22/11/2021;9826074.87
23/11/2021;9793415.17
24/11/2021;9776311.99
25/11/2021;9776997.96
26/11/2021;9757173.27
29/11/2021;9765481.93
30/11/2021;9768263.41
01/12/2021;9788400.41
02/12/2021;9812821.76
03/12/2021;9817996.13
06/12/2021;9827999.22
07/12/2021;9846046.72
08/12/2021;9825026.18
09/12/2021;9843184.19
10/12/2021;9843027.28
13/12/2021;9852343.59
14/12/2021;9846830.96
15/12/2021;9839669.16
16/12/2021;9832746.69
17/12/2021;9843740.42
20/12/2021;9839827.48
21/12/2021;9824531.65
22/12/2021;9819218.27
23/12/2021;9805786.76
24/12/2021;9807788.82
27/12/2021;9806595.43
28/12/2021;9805210.29
29/12/2021;9792215.79
30/12/2021;9789214.28
31/12/2021;9788704.79
03/01/2022;9782326.81
04/01/2022;9786276.89
05/01/2022;9811403.19
06/01/2022;9772879.99
07/01/2022;9765728.03
10/01/2022;9757149.78
11/01/2022;9747648.22
12/01/2022;9758513.52
13/01/2022;9764294.91
14/01/2022;9744897.49
17/01/2022;9727821.56
18/01/2022;9721176.98
19/01/2022;9716254.63
20/01/2022;9726677.11
21/01/2022;9730314.69
24/01/2022;9712945.48
25/01/2022;9718116.03
26/01/2022;9722115.42
27/01/2022;9709149.38
28/01/2022;9684698.09
31/01/2022;9657599.91
01/02/2022;9649886.08
02/02/2022;9653422.03
03/02/2022;9590516.66
04/02/2022;9506512.67
07/02/2022;9450346.82
08/02/2022;9451376.77
09/02/2022;9486433.11
10/02/2022;9444786.45
11/02/2022;9443577.21
14/02/2022;9430413.44
15/02/2022;9417484.91
16/02/2022;9434538.42
17/02/2022;9443814.82
18/02/2022;9451054.87
21/02/2022;9426706.09
22/02/2022;9389271.92
23/02/2022;9397206.0
24/02/2022;9366308.37
25/02/2022;9375281.35
28/02/2022;9367166.42
01/03/2022;9427437.17
02/03/2022;9403416.96
03/03/2022;9396269.82
04/03/2022;9402728.42
07/03/2022;9323510.63
08/03/2022;9287218.73
09/03/2022;9290739.69
10/03/2022;9277556.35
11/03/2022;9270327.23
14/03/2022;9242452.38
15/03/2022;9250923.51
16/03/2022;9262156.63
17/03/2022;9275616.28
18/03/2022;9265541.73
21/03/2022;9279413.85
22/03/2022;9256772.34
23/03/2022;9268935.83
24/03/2022;9252304.13
25/03/2022;9247354.82
28/03/2022;9241239.58
29/03/2022;9239302.54
30/03/2022;9235824.04
31/03/2022;9271308.29
01/04/2022;9269717.64
04/04/2022;9289276.75
05/04/2022;9255545.69
06/04/2022;9231348.14
07/04/2022;9213449.23
08/04/2022;9205024.58
11/04/2022;9164663.65
12/04/2022;9156939.72
13/04/2022;9158051.87
14/04/2022;9150123.53
19/04/2022;9125695.47
20/04/2022;9132904.38
21/04/2022;9114636.77
22/04/2022;9064816.89
25/04/2022;9097922.72
26/04/2022;9099457.25
27/04/2022;9069908.64
28/04/2022;9048304.68
29/04/2022;9031173.22
02/05/2022;9038029.56
03/05/2022;9027341.44
04/05/2022;9003888.36
05/05/2022;9003303.92
06/05/2022;8930766.33
09/05/2022;8913490.76
10/05/2022;8944037.7
11/05/2022;8950359.86
12/05/2022;8984907.16
13/05/2022;8981588.69
16/05/2022;8994005.19
17/05/2022;8970923.59
18/05/2022;8974897.61
19/05/2022;8967870.29
20/05/2022;8974477.82
23/05/2022;8954936.33
24/05/2022;8968469.05
25/05/2022;8965283.0
27/05/2022;8989848.08
30/05/2022;8961738.65
31/05/2022;8936400.82
01/06/2022;8930053.7
02/06/2022;8911220.3
03/06/2022;8895452.91
07/06/2022;8893097.02
08/06/2022;8867973.25
09/06/2022;8816751.27
10/06/2022;8762419.54
13/06/2022;8656409.27
14/06/2022;8586501.72
15/06/2022;8606687.32
16/06/2022;8534207.51
17/06/2022;8538490.33
20/06/2022;8521000.81
21/06/2022;8525809.71
22/06/2022;8561800.68
23/06/2022;8611289.51
24/06/2022;8603022.46
27/06/2022;8565757.19
28/06/2022;8511431.05
29/06/2022;8525494.37
30/06/2022;8536720.08
01/07/2022;8601356.14
04/07/2022;8559217.85
05/07/2022;8625714.23
06/07/2022;8661175.39
07/07/2022;8643033.08
08/07/2022;8664393.2
11/07/2022;8720506.8
12/07/2022;8765411.99
13/07/2022;8747863.88
15/07/2022;8744651.65
18/07/2022;8719719.88
19/07/2022;8688087.89
20/07/2022;8704948.03
21/07/2022;8739712.84
22/07/2022;8823713.31
25/07/2022;8852353.8
26/07/2022;8885291.66
27/07/2022;8885872.98
28/07/2022;8952431.31
29/07/2022;8971160.74
01/08/2022;8978822.06
02/08/2022;8977811.93
03/08/2022;8940926.4
04/08/2022;9003265.03
05/08/2022;8957587.34
08/08/2022;8946412.63
09/08/2022;8935022.38
10/08/2022;8943136.94
11/08/2022;8921473.25
12/08/2022;8915500.04
16/08/2022;8927195.87
17/08/2022;8876729.9
18/08/2022;8858225.45
19/08/2022;8802937.34
22/08/2022;8762919.71
23/08/2022;8746263.53
24/08/2022;8733538.8
25/08/2022;8754510.79
26/08/2022;8735869.48
29/08/2022;8697194.49
30/08/2022;8672706.32
31/08/2022;8644184.49
01/09/2022;8616675.68
02/09/2022;8645288.17
05/09/2022;8617841.9
06/09/2022;8614893.69
07/09/2022;8620811.29
08/09/2022;8586510.49
09/09/2022;8603179.72
12/09/2022;8627866.22
13/09/2022;8596438.28
14/09/2022;8587958.08
15/09/2022;8575718.53
16/09/2022;8546056.01
19/09/2022;8549576.03
20/09/2022;8496155.6
21/09/2022;8492478.61
22/09/2022;8460005.19
23/09/2022;8433509.32
26/09/2022;8400859.59
27/09/2022;8352649.76
28/09/2022;8321848.74
29/09/2022;8297245.08
30/09/2022;8321282.24
03/10/2022;8386145.04
04/10/2022;8413903.92
05/10/2022;8386684.63
06/10/2022;8367091.61
07/10/2022;8325692.71
10/10/2022;8291221.29
11/10/2022;8287517.38
12/10/2022;8261315.93
13/10/2022;8239442.79
14/10/2022;8244642.65
17/10/2022;8252722.93
18/10/2022;8272043.58
19/10/2022;8244676.13
20/10/2022;8225546.7
21/10/2022;8199358.26
24/10/2022;8227293.81
25/10/2022;8285640.29
26/10/2022;8315946.79
27/10/2022;8389920.58
28/10/2022;8355716.79
31/10/2022;8350956.93
02/11/2022;8370924.04
03/11/2022;8322293.12
04/11/2022;8323625.22
07/11/2022;8325297.83
08/11/2022;8342801.7
09/11/2022;8373180.97
10/11/2022;8463720.71
14/11/2022;8455290.0
15/11/2022;84867.646
16/11/2022;85142.4325
17/11/2022;85015.3682
18/11/2022;85181.1544
21/11/2022;85276.0005
22/11/2022;85382.339
23/11/2022;85654.631
24/11/2022;86101.7385
25/11/2022;85727.6823
28/11/2022;85746.3758
29/11/2022;85985.5633
30/11/2022;85844.5552
01/12/2022;86459.4329
02/12/2022;86340.3273
05/12/2022;86466.9666
06/12/2022;86704.8226
07/12/2022;86712.1237
08/12/2022;86638.8839
09/12/2022;86260.3494
12/12/2022;86232.7886
13/12/2022;86513.0153
14/12/2022;86537.6393
15/12/2022;85901.8719
16/12/2022;85443.2676
19/12/2022;85372.3818
20/12/2022;84989.0589
21/12/2022;85011.1008
22/12/2022;84864.259
23/12/2022;84795.5894
27/12/2022;84558.9713
28/12/2022;84568.6808
29/12/2022;84662.3059
30/12/2022;84458.7367
02/01/2023;84748.7424
03/01/2023;84916.2863
04/01/2023;85258.4899
05/01/2023;85157.7594
06/01/2023;85512.7772
09/01/2023;85549.3408
10/01/2023;85401.3359
11/01/2023;85752.5281
12/01/2023;86058.1552
13/01/2023;86249.3297
16/01/2023;86288.0341
17/01/2023;86613.7776
18/01/2023;86986.3789
19/01/2023;86733.4112
20/01/2023;86443.442
23/01/2023;86431.267
24/01/2023;86589.3975
25/01/2023;86683.8138
26/01/2023;86665.7786
27/01/2023;86652.3634
30/01/2023;86429.4156
31/01/2023;86480.3797
01/02/2023;86537.8441
02/02/2023;87718.6454
03/02/2023;87427.1341
06/02/2023;87171.1081
07/02/2023;87131.1956
08/02/2023;86914.2493
09/02/2023;87073.7274
10/02/2023;86724.1527
13/02/2023;86624.2006
14/02/2023;86430.2323
15/02/2023;86271.3487
16/02/2023;86231.0569
17/02/2023;86208.1464
20/02/2023;86191.6944
21/02/2023;85828.339
22/02/2023;85814.7626
23/02/2023;85929.5635
24/02/2023;85672.2861
27/02/2023;85570.3858
28/02/2023;85272.9888
01/03/2023;85057.0615
02/03/2023;84976.2867
03/03/2023;84989.324
06/03/2023;84982.8984
07/03/2023;85025.0778
08/03/2023;85053.2638
09/03/2023;85031.8696
10/03/2023;85333.2607
13/03/2023;85444.4977
14/03/2023;84787.5497
15/03/2023;85001.5796
16/03/2023;84544.8983
17/03/2023;84506.5887
20/03/2023;83652.9726
21/03/2023;84205.6444
22/03/2023;84418.2924
23/03/2023;84657.0985
24/03/2023;84370.6386
27/03/2023;84190.0687
28/03/2023;83974.805
29/03/2023;83991.0894
30/03/2023;83954.6564
31/03/2023;84705.4014
03/04/2023;85306.7524
04/04/2023;85370.9762
05/04/2023;85340.5987
06/04/2023;85251.6357
11/04/2023;84904.9274
12/04/2023;84745.9641
13/04/2023;84808.4199
14/04/2023;84746.6714
17/04/2023;84766.7021
18/04/2023;84966.2354
19/04/2023;84780.9675
20/04/2023;84822.2822
21/04/2023;84705.6897
24/04/2023;84684.5805
25/04/2023;84919.5791
26/04/2023;84777.1943
27/04/2023;84688.7743
28/04/2023;85092.008
02/05/2023;85275.7428
03/05/2023;85186.3566
04/05/2023;85319.0007
05/05/2023;85098.9486
09/05/2023;84976.5678
10/05/2023;85106.0122
11/05/2023;85293.2308
12/05/2023;85209.4172
15/05/2023;85034.9022
16/05/2023;84861.8395
17/05/2023;84957.9542
19/05/2023;84938.6352
22/05/2023;84926.3366
23/05/2023;84927.6993
24/05/2023;84835.2725
25/05/2023;84749.5508
26/05/2023;84636.3573
30/05/2023;85263.048
31/05/2023;85461.1993
01/06/2023;85527.367
02/06/2023;85438.8321
05/06/2023;85321.5933
06/06/2023;85415.7347
07/06/2023;85381.3474
08/06/2023;85400.9728
09/06/2023;85634.377
12/06/2023;85690.3171
13/06/2023;85562.9302
14/06/2023;85441.3041
15/06/2023;85089.2957
16/06/2023;85230.4058
19/06/2023;85105.1018
20/06/2023;85358.9848
21/06/2023;85199.4855
22/06/2023;84899.2584
23/06/2023;85260.8082
26/06/2023;85337.9571
27/06/2023;85131.3631
28/06/2023;85306.3439
29/06/2023;85115.0211
30/06/2023;85196.1535
03/07/2023;85276.2268
04/07/2023;85363.3742
05/07/2023;85421.096
06/07/2023;84978.6733
07/07/2023;85024.83
10/07/2023;85010.2
11/07/2023;85023.3339
12/07/2023;85449.6307
13/07/2023;85825.7637
17/07/2023;85816.0644
18/07/2023;86174.4986
19/07/2023;86183.5217
20/07/2023;86006.7079
21/07/2023;86059.8072
24/07/2023;86247.7143
25/07/2023;86248.8748
26/07/2023;86074.3215
27/07/2023;86270.0804
28/07/2023;86348.0482
31/07/2023;86652.3786
01/08/2023;86355.0833
02/08/2023;86480.6202
03/08/2023;86352.7084
04/08/2023;86333.2652
07/08/2023;86391.4878
08/08/2023;86631.162
09/08/2023;86564.235
10/08/2023;86483.8792
11/08/2023;86269.7359
14/08/2023;86229.3303
16/08/2023;86099.1303
17/08/2023;85922.8287
18/08/2023;86039.9473
21/08/2023;85846.6491
22/08/2023;85948.8854
23/08/2023;86360.074
24/08/2023;86387.4307
25/08/2023;86200.9132
28/08/2023;86172.5194
29/08/2023;86297.055
30/08/2023;86242.0762
31/08/2023;86548.9893
01/09/2023;86442.4008
04/09/2023;86349.948
05/09/2023;86318.119
06/09/2023;86107.7317
07/09/2023;86181.4498
08/09/2023;86294.7925
11/09/2023;86287.5156
12/09/2023;86283.4724
13/09/2023;86166.362
14/09/2023;86463.6388
15/09/2023;86355.8942
18/09/2023;86188.7289
19/09/2023;86177.6993
20/09/2023;86294.0585
21/09/2023;86243.5269
22/09/2023;86243.8964
25/09/2023;86267.8407
26/09/2023;86144.9634
27/09/2023;86049.0939
28/09/2023;85630.0612
29/09/2023;86097.8489
02/10/2023;86065.2562
03/10/2023;85975.293
04/10/2023;85791.3307
05/10/2023;85933.7411
06/10/2023;85851.7951
09/10/2023;86031.3805
10/10/2023;86236.1046
11/10/2023;86309.2374
12/10/2023;86200.8021
13/10/2023;86220.237
16/10/2023;86165.9611
17/10/2023;85950.2969
18/10/2023;85876.723
19/10/2023;85796.9436
20/10/2023;85954.4722
23/10/2023;85924.5126
24/10/2023;86166.2817
25/10/2023;86171.4464
26/10/2023;86230.1339
27/10/2023;86357.8346
30/10/2023;86507.3201
31/10/2023;86614.7682
02/11/2023;86908.4263
03/11/2023;87021.4178
06/11/2023;86888.0151
07/11/2023;86927.9669
08/11/2023;86934.735
09/11/2023;86980.7021
10/11/2023;86835.1813
13/11/2023;86859.2824
14/11/2023;87375.21
15/11/2023;87343.5562
16/11/2023;87492.9086
17/11/2023;87418.5422
20/11/2023;87255.0449
21/11/2023;87406.9278
22/11/2023;87381.7946
23/11/2023;87269.1515
24/11/2023;87214.3165
27/11/2023;87598.305
28/11/2023;87833.4976
29/11/2023;88291.367
30/11/2023;88286.5582
01/12/2023;88881.6001
04/12/2023;89045.8297
05/12/2023;89265.1719
06/12/2023;89377.6921
07/12/2023;89438.6055
08/12/2023;89211.2882
11/12/2023;89246.0594
12/12/2023;89245.4385
13/12/2023;89470.6765
14/12/2023;90144.3334
15/12/2023;90411.2379
18/12/2023;90314.1049
19/12/2023;90393.568
20/12/2023;90570.4392
21/12/2023;90649.6112
22/12/2023;90786.1055
27/12/2023;90878.3543
28/12/2023;90959.9176
29/12/2023;90840.095
02/01/2024;90749.3743
03/01/2024;90542.3284
04/01/2024;90189.8247
05/01/2024;90010.831
08/01/2024;90066.1249
09/01/2024;89997.8663
10/01/2024;89939.2765
11/01/2024;90113.2507
12/01/2024;90454.4289
15/01/2024;90297.71
16/01/2024;90224.9184
17/01/2024;89827.4993
18/01/2024;89958.6604
19/01/2024;89965.4702
22/01/2024;90193.1184
23/01/2024;90188.9074
24/01/2024;90265.8346
25/01/2024;90607.2318
26/01/2024;90769.2957
29/01/2024;90784.7697
30/01/2024;90641.8971
31/01/2024;90908.1987
01/02/2024;90848.9329
02/02/2024;90698.1422
05/02/2024;90451.9106
06/02/2024;90495.0426
07/02/2024;90427.1455
08/02/2024;90269.2822
09/02/2024;90123.9269
12/02/2024;90256.6767
13/02/2024;90070.5012
14/02/2024;90247.0705
15/02/2024;90293.3851
16/02/2024;90317.1917
19/02/2024;90207.4457
20/02/2024;90400.5053
21/02/2024;90225.9657
22/02/2024;90250.9016
23/02/2024;90462.9902
26/02/2024;90525.2832
27/02/2024;90268.9773
28/02/2024;90168.0307
29/02/2024;90213.4577
01/03/2024;90277.5352
04/03/2024;90289.954
05/03/2024;90494.9148
06/03/2024;90450.5608
07/03/2024;90686.4507
08/03/2024;91054.5236
11/03/2024;90992.2679
12/03/2024;90979.3798
13/03/2024;91096.4936
14/03/2024;90966.4253
15/03/2024;90825.7203
18/03/2024;90835.5416
19/03/2024;90914.9401
20/03/2024;90864.8768
21/03/2024;91098.2206
22/03/2024;91242.5674
25/03/2024;91067.9585
26/03/2024;91112.0091
27/03/2024;91284.708
28/03/2024;91277.0113
02/04/2024;91270.4489
03/04/2024;91309.3426
04/04/2024;91472.0069
05/04/2024;91347.1918
08/04/2024;91232.697
09/04/2024;91399.2879
10/04/2024;91148.9425
11/04/2024;90987.5423
12/04/2024;91321.4257
15/04/2024;91026.7082
16/04/2024;90624.4222
17/04/2024;90728.6744
18/04/2024;90666.5382
19/04/2024;90576.9415
22/04/2024;90861.6806
23/04/2024;90934.4013
24/04/2024;90759.0084
25/04/2024;90532.4573
26/04/2024;90667.8168
29/04/2024;90869.4564
30/04/2024;90622.9052
02/05/2024;90763.6213
03/05/2024;91091.5882
06/05/2024;91214.1036
07/05/2024;91360.5947
10/05/2024;91209.8504
13/05/2024;91313.6751
14/05/2024;91198.7295
15/05/2024;91575.0627
16/05/2024;91555.6192
17/05/2024;91352.0093
21/05/2024;91478.2097
22/05/2024;91385.6774
23/05/2024;91102.7252
24/05/2024;91130.7361
27/05/2024;91332.4852
28/05/2024;91315.4957
29/05/2024;91141.9497
30/05/2024;91202.2767
31/05/2024;91200.7547
03/06/2024;91469.9141
04/06/2024;91577.8527
05/06/2024;91641.7447
06/06/2024;91477.0455
07/06/2024;91199.1725
10/06/2024;91090.7443
11/06/2024;91222.6006
12/06/2024;91545.1781
13/06/2024;91626.3372
14/06/2024;91758.7427
17/06/2024;91467.4163
18/06/2024;91624.013
19/06/2024;91640.9988
20/06/2024;91603.1646
21/06/2024;91769.6549
24/06/2024;91737.9102
25/06/2024;91788.8487
26/06/2024;91755.1809
27/06/2024;91810.9207
28/06/2024;91764.2083
01/07/2024;91639.432
02/07/2024;91697.6114
03/07/2024;91872.6156
04/07/2024;91783.7713
05/07/2024;92013.893
08/07/2024;92096.5048
09/07/2024;92039.7586
10/07/2024;92140.1237
11/07/2024;92510.2116
12/07/2024;92433.8773
15/07/2024;92546.0277
16/07/2024;92624.6091
17/07/2024;92587.1734
18/07/2024;92736.1071
19/07/2024;92648.9925
22/07/2024;92554.957
23/07/2024;92809.5932
24/07/2024;93005.3803
25/07/2024;93052.2815
26/07/2024;93112.1631
29/07/2024;93241.5963
30/07/2024;93424.57
31/07/2024;93543.6894
01/08/2024;93814.7039
02/08/2024;93943.5546
05/08/2024;93534.3294
06/08/2024;93522.33
07/08/2024;93570.8541
08/08/2024;93629.2529
09/08/2024;93722.1838
12/08/2024;93701.7288
13/08/2024;93943.0968
14/08/2024;93971.2801
16/08/2024;93787.3262
19/08/2024;93815.5725
20/08/2024;93987.8323
21/08/2024;94133.4613
22/08/2024;93993.8481
23/08/2024;94168.1379
26/08/2024;94115.1535
27/08/2024;94106.0247
28/08/2024;94167.511
29/08/2024;94240.1004
30/08/2024;94191.8281
02/09/2024;94119.9564
03/09/2024;94223.0249
04/09/2024;94388.9598
05/09/2024;94448.4867
06/09/2024;94691.9032
09/09/2024;94784.0319
10/09/2024;94821.5948
11/09/2024;94898.1592
12/09/2024;94614.1158
13/09/2024;94739.3295
16/09/2024;94920.0194
17/09/2024;94844.7134
18/09/2024;94775.1359
19/09/2024;95172.7842
20/09/2024;95047.656
23/09/2024;95396.9147
24/09/2024;95662.0556
25/09/2024;95502.249
26/09/2024;95587.8239
27/09/2024;95696.2919
30/09/2024;95786.6992
01/10/2024;95966.7035
02/10/2024;95885.7038
03/10/2024;95840.5107
04/10/2024;95416.9292
07/10/2024;95279.784
08/10/2024;95339.4898
09/10/2024;95309.0956
10/10/2024;95406.0054
11/10/2024;95399.7058
14/10/2024;95465.9298
15/10/2024;95720.8404
16/10/2024;95893.2099
17/10/2024;96098.495
18/10/2024;96283.8855
21/10/2024;96070.394
22/10/2024;96001.3771
23/10/2024;96164.285
24/10/2024;96340.8952
25/10/2024;96183.056
28/10/2024;96250.6734
29/10/2024;96072.8659
30/10/2024;95590.6295
31/10/2024;95347.3934
04/11/2024;95519.964
05/11/2024;95402.7235
06/11/2024;96065.4869
07/11/2024;96011.9515
08/11/2024;96107.6552
12/11/2024;96460.9042
13/11/2024;96396.0298
14/11/2024;96610.3779
15/11/2024;96540.3828
18/11/2024;96339.8103
19/11/2024;96347.584
20/11/2024;96340.7275
21/11/2024;96407.6757
22/11/2024;96721.1657
25/11/2024;96755.8437
26/11/2024;96692.0388
27/11/2024;96680.4453
28/11/2024;96837.7072
29/11/2024;97097.2976
02/12/2024;97393.0728
03/12/2024;97327.6733
04/12/2024;97376.9879
05/12/2024;97202.6352
06/12/2024;97304.9498
09/12/2024;97454.9952
10/12/2024;97562.1934
11/12/2024;97647.2369
12/12/2024;97476.1512
13/12/2024;97272.0027
16/12/2024;97314.4979
17/12/2024;97293.0806
18/12/2024;97304.9291
19/12/2024;97075.0643
20/12/2024;97150.0018
23/12/2024;97074.9531
24/12/2024;97079.8496
27/12/2024;96987.5825
30/12/2024;97099.553
31/12/2024;97104.5321
02/01/2025;97080.7653
03/01/2025;96827.7563
06/01/2025;96655.2706
07/01/2025;96680.2212
08/01/2025;96620.6093
09/01/2025;96485.2334
10/01/2025;96314.9759
13/01/2025;96189.6366
14/01/2025;96094.9277
15/01/2025;96522.7398
16/01/2025;96638.6004
17/01/2025;96730.7746
20/01/2025;96753.6214
21/01/2025;96823.0576
22/01/2025;96830.1434
23/01/2025;96742.8081
24/01/2025;96605.836
27/01/2025;96678.8282
28/01/2025;96701.5409
29/01/2025;96775.6345
30/01/2025;97099.0427
31/01/2025;97531.6618
03/02/2025;97691.15
04/02/2025;97739.4093
05/02/2025;97864.8617
06/02/2025;97911.0063
07/02/2025;97938.5217
10/02/2025;98069.5507
11/02/2025;97820.2517
12/02/2025;97650.4798
13/02/2025;97925.9674
14/02/2025;97919.2446
17/02/2025;97822.1663
18/02/2025;97876.2886
19/02/2025;97672.4192
20/02/2025;97762.6903
21/02/2025;97982.8183
24/02/2025;98038.458
25/02/2025;98019.6802
26/02/2025;98062.3622
27/02/2025;98202.7295
28/02/2025;98221.6316
03/03/2025;97976.8615
04/03/2025;98054.9745
05/03/2025;97189.7622
06/03/2025;96825.2485
07/03/2025;97064.5145
10/03/2025;97158.9691
11/03/2025;96977.6491
12/03/2025;96856.0633
13/03/2025;96818.1036
14/03/2025;96773.9193
17/03/2025;96936.9007
18/03/2025;96995.6927
19/03/2025;97010.8967
20/03/2025;97077.6591
21/03/2025;97192.8715
24/03/2025;97217.7813
25/03/2025;97182.0231
26/03/2025;97228.6318
27/03/2025;97291.6099
28/03/2025;97384.1977
31/03/2025;97236.2419
01/04/2025;97377.3876
02/04/2025;97342.8788
03/04/2025;97416.4538
04/04/2025;96969.8155
07/04/2025;96415.9255
08/04/2025;96683.5406
09/04/2025;96304.2825
10/04/2025;96690.8254
11/04/2025;96551.817
14/04/2025;96774.1965
15/04/2025;96954.472
16/04/2025;97048.1199
17/04/2025;97391.4304
22/04/2025;97539.148
23/04/2025;97641.0849
24/04/2025;97832.4825
25/04/2025;97862.5288
28/04/2025;97896.7359
29/04/2025;97872.1055
30/04/2025;97857.4723
02/05/2025;97779.6054
02/05/2025;97779.6054
05/05/2025;97845.5353
06/05/2025;97872.4821
07/05/2025;98068.174
09/05/2025;98078.9234
12/05/2025;98014.8729
13/05/2025;98022.0919
14/05/2025;98008.3661
15/05/2025;98109.0179
15/05/2025;98109.0179
16/05/2025;98249.6161
19/05/2025;98302.6097
20/05/2025;98295.4093
21/05/2025;98194.584
22/05/2025;98160.135
23/05/2025;98263.4126
26/05/2025;98332.4522
27/05/2025;98488.4386
28/05/2025;98496.6762
30/05/2025;98683.9013
02/06/2025;98723.7901
03/06/2025;98804.3319
04/06/2025;98854.6223
05/06/2025;98673.2575
06/06/2025;98764.4995
10/06/2025;99019.7058
11/06/2025;99102.4589
12/06/2025;99176.1156
13/06/2025;98974.0921
16/06/2025;99145.6076
17/06/2025;99083.3239
18/06/2025;99139.3265
19/06/2025;99046.0719
19/06/2025;99046.0719
20/06/2025;99041.2839
23/06/2025;99136.2169
24/06/2025;99236.0047
25/06/2025;99170.3396
26/06/2025;99203.3295
27/06/2025;99278.89
30/06/2025;99254.0703
01/07/2025;99395.1756
02/07/2025;99405.9283
03/07/2025;99609.4123
04/07/2025;99693.4741
07/07/2025;99690.1965
08/07/2025;99631.4414
09/07/2025;99726.021
10/07/2025;99705.5524
11/07/2025;99633.5508
15/07/2025;99753.4649
16/07/2025;99773.8689
17/07/2025;99820.4927
18/07/2025;99819.4331
21/07/2025;100044.4918
22/07/2025;100127.4679
23/07/2025;100164.5023
24/07/2025;99975.1695
25/07/2025;99950.0452
28/07/2025;100160.8074
29/07/2025;100170.5058
30/07/2025;100169.5604
31/07/2025;100207.2758
01/08/2025;100157.4354
04/08/2025;100293.099
05/08/2025;100343.4525
06/08/2025;100343.8187
07/08/2025;100387.5711
08/08/2025;100298.9832
11/08/2025;100335.5359
12/08/2025;100278.0174
13/08/2025;100516.3709
14/08/2025;100481.8529
18/08/2025;100410.6085
19/08/2025;100471.5933
20/08/2025;100537.7415
21/08/2025;100299.8719
22/08/2025;100412.5189
25/08/2025;100319.2899
26/08/2025;100403.2518
27/08/2025;100486.6911
28/08/2025;100419.7888
29/08/2025;100392.6396
01/09/2025;100322.5032
02/09/2025;100125.3224
03/09/2025;100208.1289
04/09/2025;100293.4747
05/09/2025;100516.1009
08/09/2025;100607.3844
09/09/2025;100580.9074
10/09/2025;100637.2533
11/09/2025;100603.4511
12/09/2025;100560.5457
15/09/2025;100721.9401
16/09/2025;100785.1146
17/09/2025;100774.8747
18/09/2025;100785.2966
19/09/2025;100738.1431
22/09/2025;100805.2977
23/09/2025;100795.3562
24/09/2025;100814.9661
25/09/2025;100688.9036
26/09/2025;100768.1051
29/09/2025;100905.0471
30/09/2025;100931.1964
01/10/2025;100966.136
02/10/2025;101072.0633
03/10/2025;101125.2678
06/10/2025;101119.7404
07/10/2025;101138.9212
08/10/2025;101262.7872
09/10/2025;101178.0327
10/10/2025;101188.2121
13/10/2025;101175.1314
14/10/2025;101175.9003
15/10/2025;101460.5315
16/10/2025;101488.2944
17/10/2025;101404.1624
20/10/2025;101450.2646
21/10/2025;101536.6042
22/10/2025;101508.4478
23/10/2025;101472.371
24/10/2025;101380.9193
27/10/2025;101503.3679
28/10/2025;101548.3979
29/10/2025;101578.2523
30/10/2025;101477.2522
31/10/2025;101540.6428
03/11/2025;101415.0503
04/11/2025;101402.6226
05/11/2025;101359.9344
06/11/2025;101345.7402
07/11/2025;101270.5859
10/11/2025;101325.7213
12/11/2025;101370.9418
13/11/2025;101213.4477
14/11/2025;101067.9121
17/11/2025;101069.2019
18/11/2025;101012.4461
19/11/2025;101058.6603
20/11/2025;101134.1413
21/11/2025;101107.9991
24/11/2025;101160.3406
25/11/2025;101365.9801
26/11/2025;101280.7755
27/11/2025;101309.4078
28/11/2025;101312.1705
01/12/2025;101198.7394
02/12/2025;101262.3746
03/12/2025;101330.0227
04/12/2025;101299.1984
05/12/2025;101198.0186
08/12/2025;100924.8575
09/12/2025;100963.188
10/12/2025;100909.7864
11/12/2025;100969.2695
12/12/2025;100983.0484
15/12/2025;101006.4396
16/12/2025;101049.2668
17/12/2025;101044.5937
18/12/2025;101094.7191
19/12/2025;101002.2269
22/12/2025;101005.1955
23/12/2025;101100.2188
24/12/2025;101085.8274
29/12/2025;101290.1779
30/12/2025;101257.5861
31/12/2025;101277.8961
02/01/2026;101209.9222
05/01/2026;101324.9398
06/01/2026;101472.4815
07/01/2026;101642.8889
08/01/2026;101617.913
09/01/2026;101651.4647
12/01/2026;101767.8152
13/01/2026;101785.9824
14/01/2026;101865.2439
15/01/2026;101915.3034
16/01/2026;101871.2653
19/01/2026;101874.5208
20/01/2026;101829.457
21/01/2026;101773.6804
22/01/2026;101813.0768
23/01/2026;101790.0478
26/01/2026;101956.1503
27/01/2026;102022.5498
28/01/2026;102156.0073
29/01/2026;102228.5267
30/01/2026;102221.8188
02/02/2026;102167.7352
03/02/2026;102180.2727
04/02/2026;102291.4306
05/02/2026;102272.3576
06/02/2026;102275.6444
09/02/2026;102375.8207
10/02/2026;102437.9615
11/02/2026;102448.302
12/02/2026;102489.0026
13/02/2026;102547.3077
16/02/2026;102567.4301
17/02/2026;102587.7331
18/02/2026;102614.6693
19/02/2026;102604.0444
20/02/2026;102624.1122
23/02/2026;102735.1826
24/02/2026;102683.6387
25/02/2026;102706.4671
26/02/2026;102722.4436
27/02/2026;102768.6887
02/03/2026;102390.3396
03/03/2026;101907.8228
04/03/2026;102238.6856
05/03/2026;101806.6638
06/03/2026;101400.5701
09/03/2026;101129.0192
10/03/2026;101671.9036
11/03/2026;100977.9673
12/03/2026;100654.063
13/03/2026;100459.1159
16/03/2026;100659.9033
17/03/2026;100879.3015
18/03/2026;100681.3138
19/03/2026;100177.0626
20/03/2026;99711.1645
23/03/2026;99739.4931
24/03/2026;99541.7649
25/03/2026;99926.0688
26/03/2026;99424.2612
27/03/2026;99108.7
30/03/2026;99228.4736
31/03/2026;99429.1435
01/04/2026;99873.1619
02/04/2026;99759.2208
07/04/2026;99438.4898
08/04/2026;100733.7669
09/04/2026;100399.6426
10/04/2026;100313.2376
13/04/2026;100135.5504
14/04/2026;100609.1584
15/04/2026;100647.3686
16/04/2026;100771.3997
17/04/2026;101256.9559
20/04/2026;101127.2676
21/04/2026;100974.8851
22/04/2026;100911.1735
23/04/2026;100848.0796
24/04/2026;100846.6857
27/04/2026;100782.0881
28/04/2026;100548.1077
29/04/2026;100312.8107
30/04/2026;100555.6947
04/05/2026;100462.2301
05/05/2026;100514.1878
06/05/2026;101010.6612
07/05/2026;101055.8426
11/05/2026;100849.6601
12/05/2026;100593.2727
13/05/2026;100640.6096
15/05/2026;100506.6031
18/05/2026;100513.6989
19/05/2026;100409.3725
20/05/2026;100757.4535
21/05/2026;100781.868
22/05/2026;101020.3438
26/05/2026;101360.645
27/05/2026;101395.9908
28/05/2026;101507.1434
29/05/2026;101679.8487
01/06/2026;101347.3147
02/06/2026;101481.1711
03/06/2026;101269.3775
04/06/2026;101334.0402
05/06/2026;101264.4543
08/06/2026;101144.2054
09/06/2026;101262.8761
10/06/2026;101117.5731
11/06/2026;101290.9826
12/06/2026;101568.2054
15/06/2026;101861.1211
16/06/2026;101911.3114
